,importance,std
PREV_CARRIER_DELAY,-0.0002,0.0006
PREV_SECURITY_DELAY,0.0,0.0
PREV_WEATHER_DELAY,0.0001,0.0003
DAY_OF_WEEK,0.0007,0.0003
CRS_ELAPSED_TIME,0.0007,0.0012
PREV_DEP_DELAY,0.0008,0.0012
PREV_LATE_AIRCRAFT_DELAY,0.0008,0.0004
DISTANCE,0.0008,0.0005
PREV_DELAY_CHANGE,0.0016,0.0002
LEG_OF_DAY,0.0018,0.0008
PREV_NAS_DELAY,0.0021,0.0008
PREV_TAXI_IN,0.0021,0.0014
ORIGIN_SCHED_DEPS,0.0024,0.0011
ORIGIN,0.0029,0.0008
PREV_TAXI_OUT,0.003,0.0006
DEP_HOUR,0.0038,0.0007
PREV_ARR_DELAY,0.0072,0.0015
DEST,0.0075,0.001
OP_UNIQUE_CARRIER,0.0107,0.0013
TURN_BUFFER,0.0491,0.0022
SCHED_TURN,0.0761,0.0011
